miRNA,9_5_3_1,9_5_3_2,9_5_3_3,9_5_3_4,9_5_3_5,9_5_3_6,9_5_3_7,9_5_3_8,9_5_3_9,9_5_3_10,9_5_3_11,9_5_3_12
hsa-let-7a-1_mature,397,13,65,87,156,124,8,358,11,73,66,99
hsa-let-7a-1_stemloop,0,0,0,0,50,0,0,0,0,31,0,5
hsa-let-7a-2_mature,416,232,468,5696,5616,5932,314,347,337,11971,5525,7687
hsa-let-7a-3_mature,1,14,55,91,150,106,12,365,5,65,102,84
hsa-let-7b_mature,92,211,253,1126,1456,1383,175,337,166,2203,8,1366
hsa-let-7c_mature,65,4,167,86,168,31,26,66,0,36,50,54
hsa-let-7d_mature,455,7,1,832,708,1258,42,150,28,1573,1213,1025
hsa-let-7e_mature,566,209,621,55,114,51,398,549,394,43,27,88
hsa-let-7e_stemloop,0,0,0,17,0,0,0,0,0,0,14,1
hsa-let-7f-1_mature,430,192,377,5203,4852,6266,293,445,318,11860,22,7982
hsa-let-7f-2_mature,419,185,356,18,4969,6520,283,454,314,12335,4324,8260
hsa-let-7g_mature,3044,2196,4706,25,14,105008,3749,2811,3,122156,5,15
hsa-let-7i_mature,43,99,310,4095,6401,5205,280,51,157,8859,4113,6521
hsa-mir-1-1_mature,13,43,0,239,524,294,30,14,0,421,499,336
hsa-mir-1-2_mature,13,50,1,245,621,311,21,17,0,423,444,308
hsa-mir-100_mature,274,24,223,215,0,298,112,159,0,226,0,0
hsa-mir-101-1_mature,1924,1805,2853,14820,39231,26661,3147,2445,2002,22234,30517,21603
hsa-mir-101-2_mature,1927,1728,2870,14940,20,27045,3194,2619,2065,22586,31044,22043
hsa-mir-101-2_precursor,0,0,0,18,25,0,0,0,0,12,0,17
hsa-mir-10394_mature,0,0,0,25,72,27,0,0,0,20,0,31
hsa-mir-10395_mature,0,27,58,8,20,0,0,0,0,11,0,12
hsa-mir-10399_mature,12,20,57,98,96,117,0,1,44,155,83,83
hsa-mir-103a-1_mature,0,0,0,3,0,0,0,0,0,9,0,7
hsa-mir-103a-2_mature,0,0,0,55,121,147,0,0,0,35,41,59
hsa-mir-103a-2_precursor,0,0,71,3,38,70,0,25,0,39,68,36
hsa-mir-105-1_mature,0,0,10,13,7,54,0,0,0,2,0,12
hsa-mir-105-2_mature,0,1,6,11,1,39,0,0,0,4,0,7
hsa-mir-10527_mature,2,22,0,122,372,300,25,25,0,339,293,151
hsa-mir-106a_mature,0,0,2,0,0,0,0,1,0,0,0,1
hsa-mir-106b_mature,328,114,266,7868,17672,13877,669,326,233,12198,10580,11899
hsa-mir-107_unannotated,0,0,0,0,39,6,7,0,0,28,0,0
hsa-mir-10a_mature,13,26,16,60,169,0,27,17,4,10,50,2
hsa-mir-10b_mature,605,273,94,35,3282,10,253,225,327,2863,90,6
hsa-mir-11401_mature,0,0,0,56,192,103,17,1,0,136,64,92
hsa-mir-1180_mature,2,13,1311,18,83,29,4,12,713,78,95,23
hsa-mir-12114_mature,0,0,0,10,0,0,0,0,0,1,8,4
hsa-mir-12132_mature,0,0,0,1,0,41,0,0,0,14,0,7
hsa-mir-12136_mature,878,574,717,2958,5516,4997,1022,1040,638,4459,4306,3953
hsa-mir-12136_unannotated,76,7,88,187,531,675,30,30,4,411,245,324
hsa-mir-122_mature,4007,3471,4010,12062,26680,145,3497,5159,2385,15515,5,18
hsa-mir-1224_mature,0,0,0,31,15,87,0,0,0,4,0,62
hsa-mir-1225_mature,71,0,0,7,0,44,0,4,0,21,136,4
hsa-mir-1226_mature,81,22,243,25,889,24,97,40,201,298,5,4
hsa-mir-1228_mature,66,104,58,30,22,56,19,45,9,19,17,22
hsa-mir-1229_mature,192,235,222,27,10,43,96,18,45,36,103,9
hsa-mir-122b_mature,0,0,0,47,226,12,39,0,0,89,71,100
hsa-mir-1236_mature,0,0,49,12,32,95,18,13,14,25,9,58
hsa-mir-1237_mature,19,68,0,2,0,10,0,0,0,0,3,2
hsa-mir-124-1_mature,0,0,0,4,3,0,0,12,0,3,9,2
hsa-mir-124-2_mature,0,0,0,5,3,0,0,16,0,4,6,1
hsa-mir-124-3_mature,0,0,0,3,6,0,0,11,0,3,7,5
hsa-mir-1246_mature,0,0,0,1,28,3,0,0,0,0,2,3
hsa-mir-1249_mature,0,28,57,34,9,6,12,68,28,7,16,14
hsa-mir-1250_mature,31,68,135,752,1438,1098,94,8,92,494,1045,985
hsa-mir-1255a_mature,0,0,0,4,17,0,0,0,0,29,26,4
hsa-mir-1256_mature,0,0,0,11,0,0,0,0,0,2,0,3
hsa-mir-1256_unannotated,0,0,0,0,0,13,0,0,0,10,5,0
hsa-mir-125a_mature,162,88,217,462,1019,964,185,9,166,567,599,708
hsa-mir-125a_precursor,0,0,0,15,0,0,8,0,0,10,6,2
hsa-mir-125b-1_mature,6,18,37,4,211,99,0,19,14,40,81,12
hsa-mir-125b-2_mature,8,1,30,6,19,86,0,20,16,36,75,5
hsa-mir-126_mature,69,26,0,39,18,25,29,19,0,23,11,12
hsa-mir-1260b_mature,49,68,74,333,821,471,86,145,6,541,415,474
hsa-mir-1266_mature,120,0,74,42,164,7,74,26,23,80,46,16
hsa-mir-1269a_mature,0,0,62,215,396,266,14,0,0,511,434,451
hsa-mir-1269a_unannotated,37,156,139,331,518,357,156,13,91,360,293,424
hsa-mir-1269b_mature,125,49,122,1492,2705,2196,64,52,45,2852,1763,2204
hsa-mir-127_mature,0,0,0,0,0,0,15,0,38,7,0,17
hsa-mir-1273c_mature,0,0,0,22,51,16,10,0,0,7,7,11
hsa-mir-1276_mature,0,6,27,213,357,453,28,71,87,356,318,202
hsa-mir-1276_unannotated,0,0,0,33,0,0,0,0,0,0,11,7
hsa-mir-1277_mature,0,0,0,20,11,0,0,0,0,42,26,11
hsa-mir-1278_mature,0,0,0,18,9,49,0,0,0,35,12,9
hsa-mir-128-1_mature,11959,13,17886,51,169,80474,30,11236,9122,162,91,80
hsa-mir-128-2_mature,11649,9521,16897,42735,101345,67470,11844,10766,8513,49014,69811,44556
hsa-mir-1283-1_mature,0,18,0,0,5,0,0,0,0,0,8,0
hsa-mir-1283-2_mature,0,8,0,0,9,0,0,0,0,0,5,0
hsa-mir-1284_mature,0,144,0,392,1006,500,56,129,35,567,562,455
hsa-mir-1287_mature,0,0,0,67,95,51,0,0,0,135,31,59
hsa-mir-1288_mature,0,0,0,33,54,17,0,0,0,46,59,26
hsa-mir-1289-1_mature,0,0,0,5,4,0,0,0,0,2,0,6
hsa-mir-1289-2_mature,0,0,0,1,5,0,0,0,0,8,0,10
hsa-mir-129-1_mature,0,10,9,28,74,62,0,0,0,9,21,13
hsa-mir-129-2_mature,0,14,11,4,13,52,0,0,0,15,13,22
hsa-mir-1291_mature,0,0,97,16,0,65,0,0,0,27,0,22
hsa-mir-1292_mature,477,311,277,1506,3538,3,299,368,240,2534,30,1588
hsa-mir-1293_mature,17,0,0,11,55,19,0,0,0,0,11,23
hsa-mir-1294_mature,0,0,0,53,29,0,0,0,0,0,0,14
hsa-mir-1296_mature,53,49,52,824,1386,1535,174,15,182,1059,1078,803
hsa-mir-1301_mature,154,36,191,1852,3263,2367,184,28,24,2627,2133,1834
hsa-mir-1303_unannotated,23,0,0,10,5,0,0,0,0,8,7,13
hsa-mir-1304_mature,208,99,265,1023,14,1369,195,150,95,1627,1306,1146
hsa-mir-1306_mature,1,20,82,119,279,245,33,206,234,179,191,48
hsa-mir-1307_mature,212,80,75,618,1280,1214,194,129,56,684,1447,729
hsa-mir-130a_mature,112,6,88,338,881,763,45,91,23,376,488,436
hsa-mir-130b_mature,364,327,656,1666,3269,3648,364,312,437,2984,3276,2023
hsa-mir-132_mature,96,18,103,19,80,475,50,84,0,62,69,35
hsa-mir-1323_mature,0,31,12,228,509,325,136,110,0,465,292,295
hsa-mir-133a-1_mature,19,0,0,13,17,26,0,0,0,28,51,11
hsa-mir-133a-2_mature,17,0,0,16,29,33,0,0,0,21,33,17
hsa-mir-134_mature,19,0,0,0,0,0,0,0,0,8,35,10
hsa-mir-1343_mature,29,0,46,60,199,94,0,0,0,134,181,79
hsa-mir-135a-1_mature,0,0,102,2,0,0,0,0,0,0,0,16
hsa-mir-135b_mature,123,12,14,58,50,109,7,162,120,37,2,19
hsa-mir-136_mature,0,0,0,0,0,13,0,0,0,0,21,4
hsa-mir-138-1_mature,0,0,0,4,1,2,1,0,0,16,25,9
hsa-mir-138-2_mature,0,0,27,4,45,19,0,0,0,30,7,5
hsa-mir-139_mature,21,0,0,17,69,78,42,81,0,7,55,4
hsa-mir-140_mature,141,1,261,645,971,851,50,60,59,1300,725,744
hsa-mir-141_mature,0,0,0,14,34,0,0,0,0,16,28,6
hsa-mir-142_mature,12,22,0,7,0,26,0,69,0,5,9,11
hsa-mir-143_mature,1899,1203,1481,22,36342,22534,1776,1728,1184,21835,18484,12
hsa-mir-144_mature,0,0,0,0,27,0,41,31,0,0,0,6
hsa-mir-145_mature,49,37,116,727,1566,1269,45,52,41,1262,985,1075
hsa-mir-1468_mature,0,0,0,63,156,175,45,0,40,124,172,119
hsa-mir-146a_mature,41078,40557,72713,331537,810851,553370,43636,46909,33463,428414,503762,425952
hsa-mir-146b_mature,3,126,9473,69,247,87,1,23,38,263,120,105
hsa-mir-147b_mature,0,0,0,0,3,11,0,0,0,20,6,10
hsa-mir-148a_mature,262,112,386,2980,6627,5344,337,203,282,4428,3762,4363
hsa-mir-148b_mature,39,33,118,275,496,408,8,88,37,266,92,135
hsa-mir-149_mature,228,312,167,737,1592,1448,164,79,80,854,3,758
hsa-mir-150_mature,0,0,0,12,8,0,0,0,0,21,5,0
hsa-mir-151a_mature,62,43,35,1284,1036,2043,78,2,48,2556,1341,2001
hsa-mir-151b_mature,0,0,0,0,1,1,0,0,0,10,2,12
hsa-mir-152_mature,54,97,59,26,39,1129,123,33,114,902,748,17
hsa-mir-153-1_unannotated,0,0,0,9,20,34,0,0,0,0,0,0
hsa-mir-15a_mature,85,22,238,204,3,143,107,28,20,246,122,150
hsa-mir-15b_mature,31,128,58,217,470,414,34,49,15,392,73,315
hsa-mir-16-1_mature,723,679,999,9,15014,10837,11,663,676,10902,9520,10751
hsa-mir-16-2_mature,526,682,1036,7089,15576,10980,1074,513,639,10925,9205,9772
hsa-mir-17_mature,0,1,144,52,86,101,0,89,20,117,66,107
hsa-mir-181a-1_mature,113,14,199,486,767,710,142,44,67,743,27,5
hsa-mir-181a-2_mature,33,53,199,198,303,285,130,31,68,155,241,221
hsa-mir-181b-1_mature,30,0,11,636,1098,21,1,81,39,796,472,7
hsa-mir-181b-2_mature,58,0,7,670,1180,836,38,98,40,40,499,924
hsa-mir-181c_mature,0,25,0,6,33,143,7,1,15,9,85,1
hsa-mir-181d_mature,1,0,24,202,406,164,35,43,0,5,175,282
hsa-mir-182_mature,19,1608,2754,109,91,84,19,57,1867,219,201,130
hsa-mir-183_mature,4502,3378,18,191,277,366,49,18,2762,185,157,205
hsa-mir-184_mature,0,21,0,78,407,296,0,1,0,116,85,113
hsa-mir-1843_mature,1,7,0,415,848,672,31,1,5,552,651,550
hsa-mir-1843_unannotated,0,0,0,2,35,18,0,0,0,0,0,6
hsa-mir-185_mature,1784,1317,3089,113,303,212,2553,1982,1047,305,196,198
hsa-mir-186_mature,4229,6186,9955,104328,179942,159213,11052,5651,5158,140749,26,6
hsa-mir-187_mature,0,0,0,8,0,50,0,0,0,18,3,33
hsa-mir-188_mature,11,0,0,11,140,105,23,0,24,5,22,6
hsa-mir-18a_mature,217,143,236,779,2084,1273,322,75,79,998,1293,890
hsa-mir-1908_mature,8,96,26,8,16,42,27,32,111,8,46,11
hsa-mir-1909_mature,0,0,0,13,8,26,0,0,15,7,19,11
hsa-mir-190a_mature,0,0,0,0,21,93,0,0,0,24,9,4
hsa-mir-190b_mature,0,47,54,165,433,316,0,0,29,184,239,266
hsa-mir-191_mature,72,30,34,189,367,323,27,165,31,272,272,286
hsa-mir-1910_mature,0,10,0,0,30,24,0,0,0,30,3,3
hsa-mir-1914_mature,40,1,142,127,14,11,71,19,13,22,385,15
hsa-mir-1915_mature,11,24,62,10,20,39,0,0,0,7,3,9
hsa-mir-192_mature,0,0,0,177,634,462,0,1,3,184,156,228
hsa-mir-193a_mature,451,489,912,1164,10,2399,714,487,6,21,31,9
hsa-mir-193b_mature,730,455,1169,1465,3879,2781,395,665,618,1813,3220,1216
hsa-mir-194-1_mature,1177,901,1423,11002,23546,16876,1401,1332,1050,14081,14116,14494
hsa-mir-194-2_mature,1311,51,59,384,667,391,196,66,1122,659,537,642
hsa-mir-195_mature,0,0,0,53,36,50,0,0,0,9,27,3
hsa-mir-196a-1_mature,20,0,7,264,461,397,0,2,8,377,182,257
hsa-mir-196a-2_mature,11,0,3,277,510,464,2,2,9,529,201,278
hsa-mir-196b_mature,0,0,0,11,0,0,0,0,0,23,33,12
hsa-mir-197_mature,2772,1987,40,45,12,34,2262,2,25,36,54,21
hsa-mir-1976_mature,0,0,0,10,1,35,0,0,0,20,21,9
hsa-mir-199b_mature,0,46,79,414,536,613,1,71,7,718,548,557
hsa-mir-19a_mature,72,236,93,742,1699,1159,294,110,26,1696,1517,1194
hsa-mir-19b-1_mature,380,128,101,13,2549,2419,115,133,190,2885,1644,2201
hsa-mir-19b-2_mature,355,127,94,1467,2600,2232,108,111,185,2940,1726,2163
hsa-mir-200a_mature,61,59,96,504,1036,669,70,764,4,1015,624,723
hsa-mir-200b_mature,124,57,103,1121,2226,2104,183,46,75,1599,1295,1371
hsa-mir-200c_mature,0,12,29,453,692,692,0,0,17,808,251,691
hsa-mir-202_mature,24,0,0,13,13,0,0,0,0,4,40,3
hsa-mir-203a_mature,117,123,74,50,156,133,40,283,46,78,177,336
hsa-mir-204_mature,0,41,0,22,79,10,0,0,0,28,13,4
hsa-mir-20a_mature,607,338,277,21,58,61,473,296,325,41,64,28
hsa-mir-21_mature,84,80,184,840,2704,1811,121,162,102,1166,1384,1107
hsa-mir-21_precursor,0,0,0,14,0,0,0,0,0,8,0,17
hsa-mir-210_mature,18,59,31,25,411,24,102,177,5,11,43,299
hsa-mir-2110_mature,214,276,175,1653,3621,3172,619,160,230,2042,2737,1536
hsa-mir-2110_unannotated,31,0,41,99,161,98,10,110,3,66,134,61
hsa-mir-2115_mature,0,0,0,5,22,0,0,0,0,8,0,2
hsa-mir-2116_mature,43,35,27,49,56,191,0,49,30,14,144,37
hsa-mir-212_mature,0,0,0,4,188,24,0,0,0,45,59,27
hsa-mir-214_mature,0,0,0,8,36,0,0,0,14,9,3,7
hsa-mir-218-1_mature,15,6,12,20,53,56,4,0,0,39,21,3
hsa-mir-218-2_mature,10,3,20,17,60,33,5,0,0,60,27,27
hsa-mir-219a-1_mature,74,7,40,28,109,204,0,176,10,5,58,147
hsa-mir-219b_mature,0,47,0,11,0,0,0,0,0,12,17,8
hsa-mir-22_mature,53,54,10,916,1714,1607,92,2455,82,1971,1779,1353
hsa-mir-221_mature,4087,51,7732,350,455,520,14,101,6,671,400,474
hsa-mir-222_mature,16,338,540,18,10,29,880,290,366,19,9887,1
hsa-mir-224_mature,13319,11063,15896,124,206,172,14250,8715,39,195,33,227
hsa-mir-2276_mature,0,0,0,5,58,21,0,0,0,49,11,11
hsa-mir-2277_mature,0,0,3,21,87,16,0,0,0,6,52,8
hsa-mir-2355_mature,35,14,0,30,105,88,27,5,1,132,54,33
hsa-mir-23a_mature,0,34,195,54,225,68,38,0,0,156,115,151
hsa-mir-23a_precursor,0,0,0,0,0,8,33,0,0,0,0,7
hsa-mir-23b_mature,384,235,328,1546,2699,3421,374,83,231,2109,2429,1668
hsa-mir-24-1_mature,19309,33,4,216,659,253,27524,2,17281,385,176,372
hsa-mir-24-1_precursor,0,0,0,0,0,0,16,0,0,6,0,8
hsa-mir-24-2_mature,19190,103,4,387,649,650,29,33,25,518,397,510
hsa-mir-25_mature,39,77,335,322,908,589,8358,87,91,585,814,537
hsa-mir-26a-1_mature,359,405,474,25514,10,29527,1136,322,451,48523,19446,1
hsa-mir-26a-2_mature,320,411,468,91,422,223,1158,305,452,201,139,175
hsa-mir-26b_mature,3,1116,1944,90,203,136,14,49,1415,109,205,118
hsa-mir-27a_mature,0,0,0,62,339,215,0,1,0,180,94,102
hsa-mir-27b_mature,0,11,76,201,300,275,0,0,0,564,131,346
hsa-mir-28_mature,118,254,408,5207,7916,7157,487,401,282,11302,6692,8642
hsa-mir-296_mature,0,0,20,9,26,0,51,0,0,17,47,2
hsa-mir-29a_mature,44,11165,16571,31,94,44,13396,13348,8091,20,58,8
hsa-mir-29b-1_mature,17,22,754,166,268,161,537,0,67,227,236,211
hsa-mir-29b-2_mature,358,276,716,12,13,0,509,0,325,39,7,21
hsa-mir-29c_mature,172,122,50,11,127,82,134,0,144,119,0,69
hsa-mir-301a_mature,34,77,0,111,224,135,35,1,14,148,223,98
hsa-mir-301b_mature,19,0,0,12,112,180,22,0,38,49,93,22
hsa-mir-3064_mature,0,0,0,8,77,125,0,0,0,1,28,18
hsa-mir-3065_mature,0,0,0,8,191,49,0,0,0,11,101,5
hsa-mir-3074_mature,0,0,1,19,50,510,26,0,76,11,57,31
hsa-mir-30a_mature,58,4,71,167,327,36,57,3,32,347,164,330
hsa-mir-30b_mature,599,212,0,25,25,0,257,103,0,29,44,24
hsa-mir-30c-1_mature,680,524,0,52,12,17,5,430,0,33,23,25
hsa-mir-30c-2_mature,684,486,0,6,0,0,762,445,0,0,0,0
hsa-mir-30d_mature,20165,17856,28268,65,39,85,30673,18357,16721,39,35,48
hsa-mir-30e_mature,160,81,188,58833,148296,3003,111,117,79,67462,64500,63809
hsa-mir-3115_mature,0,0,0,57,80,189,0,0,0,42,54,72
hsa-mir-3121_mature,0,0,0,12,33,26,0,0,0,13,39,19
hsa-mir-3124_mature,0,0,0,0,27,0,0,0,0,14,0,20
hsa-mir-3126_mature,20,0,0,8,14,18,15,0,0,3,37,1
hsa-mir-3127_mature,14,0,45,13,69,98,0,42,23,22,14,37
hsa-mir-3128_mature,0,0,0,91,216,51,0,0,51,141,44,188
hsa-mir-3129_mature,0,0,0,10,0,0,0,0,0,11,0,2
hsa-mir-3130-1_mature,10,4,22,38,52,28,4,12,2,18,56,26
hsa-mir-3130-2_mature,9,7,21,34,76,34,5,1,2,25,70,23
hsa-mir-3131_mature,38,31,0,34,62,17,2,25,0,44,151,76
hsa-mir-3136_mature,0,0,0,0,24,39,0,0,29,0,0,0
hsa-mir-3138_mature,18,0,10,81,421,266,19,0,0,123,201,150
hsa-mir-3138_unannotated,42,0,0,0,0,0,0,0,0,0,18,3
hsa-mir-3139_mature,0,0,0,8,33,0,0,0,0,27,0,36
hsa-mir-3140_mature,0,14,0,17,229,90,41,0,5,33,29,36
hsa-mir-3143_mature,0,0,0,5,20,0,0,0,0,8,18,12
hsa-mir-3143_unannotated,0,0,0,3,0,38,0,0,0,10,0,0
hsa-mir-3144_mature,273,6,15,182,296,109,67,0,14,208,337,80
hsa-mir-3145_mature,155,196,482,113,203,121,234,460,24,197,110,144
hsa-mir-3146_mature,0,0,0,1,0,0,0,0,0,4,11,3
hsa-mir-3148_mature,0,0,0,7,50,56,0,0,0,8,12,36
hsa-mir-3150a_mature,0,0,0,8,11,2,0,0,5,11,4,8
hsa-mir-3154_mature,33,0,80,2,46,28,0,0,0,0,8,28
hsa-mir-3157_mature,0,22,0,14,93,19,0,0,0,6,3,3
hsa-mir-3158-1_mature,14,34,104,1,29,160,69,58,6,92,108,4
hsa-mir-3158-2_mature,19,32,100,80,16,151,72,67,8,119,96,118
hsa-mir-3159_mature,0,0,0,13,0,30,0,0,0,0,0,4
hsa-mir-3160-1_mature,0,0,8,6,0,0,0,0,0,0,5,4
hsa-mir-3160-2_mature,0,0,8,6,0,0,0,0,0,0,5,6
hsa-mir-3162_mature,0,0,18,6,0,0,0,0,0,0,21,0
hsa-mir-3164_mature,0,0,0,0,0,0,0,0,20,1,24,0
hsa-mir-3165_mature,0,0,0,0,0,9,0,0,0,41,6,0
hsa-mir-3170_mature,0,0,0,16,74,31,0,3,0,1,33,9
hsa-mir-3170_unannotated,50,0,0,28,57,36,0,0,47,77,120,71
hsa-mir-3173_mature,30,287,37,32,77,90,245,205,35,61,55,68
hsa-mir-3174_mature,0,14,121,225,377,299,42,1,34,342,268,211
hsa-mir-3175_mature,0,0,0,57,85,50,10,0,0,61,96,83
hsa-mir-3176_mature,0,0,84,47,40,56,20,30,0,25,64,23
hsa-mir-3177_mature,158,99,110,21,67,1480,146,100,113,14,20,9
hsa-mir-3181_mature,0,0,0,1,0,22,0,0,0,0,12,0
hsa-mir-3182_mature,0,0,0,3,5,7,0,0,0,9,0,3
hsa-mir-3187_mature,104,21,91,3,357,310,0,54,12,12,127,99
hsa-mir-3188_mature,0,0,131,0,0,25,0,0,0,51,27,25
hsa-mir-3189_mature,0,0,0,27,16,95,67,0,0,7,109,84
hsa-mir-3190_mature,0,0,0,44,52,0,17,0,0,58,49,20
hsa-mir-3191_mature,0,0,0,0,0,35,0,0,0,0,8,16
hsa-mir-3192_mature,0,0,0,31,25,29,0,0,0,0,0,13
hsa-mir-3193_mature,0,0,0,44,42,14,0,0,0,68,0,38
hsa-mir-3194_mature,0,0,0,31,22,9,0,28,0,15,25,35
hsa-mir-3198-1_mature,0,0,0,6,5,9,0,0,0,0,5,3
hsa-mir-3198-2_mature,0,0,0,9,11,7,0,0,0,0,0,4
hsa-mir-3199-1_mature,0,0,0,0,7,0,0,0,0,0,1,13
hsa-mir-3199-1_unannotated,0,0,0,0,26,0,16,0,0,0,41,0
hsa-mir-3199-2_mature,0,0,0,0,1,0,0,0,0,15,1,23
hsa-mir-32_mature,31,38,63,354,668,595,21,1,31,350,410,478
hsa-mir-3200_mature,0,0,0,0,14,0,0,0,0,0,11,19
hsa-mir-320c-1_mature,29,35,72,76,166,245,21,31,4,115,164,106
hsa-mir-320c-2_mature,33,31,51,76,176,267,14,42,19,188,190,116
hsa-mir-320d-1_mature,11,49,17,34,141,151,3,25,18,121,204,103
hsa-mir-320d-2_mature,7,9,17,51,121,121,1,14,16,48,127,68
hsa-mir-320e_mature,0,0,0,11,14,8,0,0,0,14,5,15
hsa-mir-323a_mature,0,17,45,54,59,27,0,0,32,69,75,68
hsa-mir-323b_mature,0,0,0,0,29,0,0,0,0,3,0,4
hsa-mir-324_mature,69,18,42,171,413,231,24,40,26,348,375,226
hsa-mir-326_mature,13,0,34,42,111,72,38,62,4,70,100,46
hsa-mir-328_mature,598,485,942,435,18,831,742,287,660,577,1066,362
hsa-mir-329-1_mature,0,0,18,39,158,55,10,15,11,30,46,36
hsa-mir-329-2_mature,0,0,13,26,148,66,7,12,13,34,51,31
hsa-mir-330_mature,178,178,377,20,170,120,187,158,117,32,66,71
hsa-mir-331_mature,62,26,213,75,81,56,31,81,70,82,30,73
hsa-mir-335_mature,61,61,54,1861,3164,2363,219,1,46,2165,1946,1849
hsa-mir-338_mature,345,5,624,67,75,153,18,32,23,52,53,86
hsa-mir-339_mature,220,223,746,3047,7211,5625,346,160,170,4744,5019,4215
hsa-mir-33a_mature,39,0,1,22,26,26,1,0,0,82,29,87
hsa-mir-33a_precursor,0,22,0,3,29,25,0,0,0,22,70,43
hsa-mir-33b_mature,0,0,0,15,0,19,0,0,0,7,0,1
hsa-mir-340_mature,10,944,1,81,116,219,1465,1259,664,151,50,115
hsa-mir-342_mature,25,69,1309,303,613,483,1111,53,79,445,311,512
hsa-mir-345_mature,1350,784,2048,5,6244,4726,641,679,591,4281,4333,3674
hsa-mir-34a_mature,146,244,52,130,202,265,381,21,71,103,131,97
hsa-mir-34a_stemloop,2,13,0,15,0,31,0,0,0,0,0,12
hsa-mir-3529_mature,0,0,0,0,0,0,0,0,0,30,21,16
hsa-mir-3605_mature,34,19,256,115,372,290,1,119,19,232,273,162
hsa-mir-3609_mature,0,0,0,45,24,0,0,0,13,14,32,6
hsa-mir-361_mature,72,323,249,3836,7280,5686,286,300,226,5558,5623,3722
hsa-mir-3611_mature,0,0,0,2,23,0,0,0,0,6,18,6
hsa-mir-3613_mature,28,6,0,88,65,84,75,0,45,108,72,50
hsa-mir-3614_mature,0,0,0,0,11,0,0,0,0,6,32,29
hsa-mir-3615_mature,266,98,343,470,1276,1066,91,160,138,612,1209,587
hsa-mir-3617_mature,0,0,0,12,13,0,0,0,0,0,14,0
hsa-mir-362_mature,29,2,146,103,111,176,4,29,41,316,61,205
hsa-mir-3620_mature,0,0,5,18,11,28,18,0,0,8,40,0
hsa-mir-3620_precursor,48,0,0,0,0,0,0,34,0,0,13,0
hsa-mir-3622a_mature,0,0,0,0,14,16,0,0,0,6,0,0
hsa-mir-3622b_mature,0,0,0,0,0,0,0,0,13,21,0,5
hsa-mir-3651_unannotated,0,0,0,6,0,8,0,0,0,0,0,1
hsa-mir-3652_mature,0,0,0,0,0,7,0,0,0,18,40,7
hsa-mir-3652_unannotated,0,0,0,0,0,2,0,0,0,5,3,0
hsa-mir-365a_mature,0,106,24,322,747,630,59,154,41,490,498,354
hsa-mir-365b_mature,0,0,0,0,0,0,0,0,71,5,25,4
hsa-mir-3661_mature,21,55,13,180,389,284,0,0,0,254,273,191
hsa-mir-3664_mature,45,28,163,4,720,14,32,134,29,11,7,29
hsa-mir-3679_mature,124,60,175,314,431,708,108,322,56,439,746,256
hsa-mir-3680-1_mature,0,17,19,2,11,27,0,0,0,3,4,1
hsa-mir-3680-2_mature,0,9,12,3,5,11,0,0,0,3,1,1
hsa-mir-3682_mature,0,30,72,36,87,0,0,0,0,28,84,26
hsa-mir-3684_mature,0,0,0,20,50,45,0,0,0,23,31,28
hsa-mir-3685_mature,0,0,0,11,5,0,0,0,0,2,27,5
hsa-mir-3688-1_mature,9,6,0,22,48,15,34,0,0,33,9,28
hsa-mir-3688-2_mature,11,8,0,23,28,40,21,0,0,41,8,26
hsa-mir-369_mature,98,118,232,142,307,377,168,169,71,132,284,216
hsa-mir-3691_mature,40,1,122,44,106,6,118,58,67,24,20,14
hsa-mir-370_mature,0,0,0,14,0,8,0,0,0,0,0,2
hsa-mir-371a_mature,49,30,0,15,292,149,88,0,10,172,138,7
hsa-mir-372_mature,0,0,0,150,174,240,0,0,0,135,89,97
hsa-mir-374a_mature,16,45,22,141,258,188,35,0,53,203,114,119
hsa-mir-374b_mature,52,21,35,251,292,71,52,54,63,209,345,235
hsa-mir-375_mature,159,214,168,984,2377,1533,123,87,206,1271,1265,1129
hsa-mir-376a-1_mature,10,0,0,15,38,0,0,1,19,0,0,18
hsa-mir-376a-2_mature,8,0,0,12,42,0,0,0,8,0,0,14
hsa-mir-376c_mature,0,40,0,17,0,40,0,0,0,16,8,20
hsa-mir-378a_mature,752,541,1166,69,234,103,781,853,686,68,7364,108
hsa-mir-378c_mature,0,0,0,6,14,22,0,0,0,25,0,9
hsa-mir-378d-1_mature,0,0,0,9,3,0,9,0,0,0,0,1
hsa-mir-378d-2_mature,0,0,0,8,4,0,7,0,0,0,0,3
hsa-mir-378i_mature,0,0,0,1,0,1,0,0,0,1,0,0
hsa-mir-379_mature,7,87,0,8,84,14,24,0,0,27,24,1
hsa-mir-381_mature,0,18,0,13,11,13,0,0,0,12,29,23
hsa-mir-382_mature,27,0,139,44,78,80,0,0,0,24,18,16
hsa-mir-3909_mature,206,102,160,696,1775,963,73,141,141,1169,915,835
hsa-mir-3909_unannotated,10,1,0,28,92,49,18,0,8,43,93,40
hsa-mir-3912_mature,0,44,69,46,163,86,41,104,0,91,32,102
hsa-mir-3913-1_mature,0,0,0,11,0,0,0,4,0,12,4,19
hsa-mir-3913-2_mature,0,0,0,11,0,0,0,3,0,28,3,15
hsa-mir-3918_mature,0,0,0,9,0,0,2,0,0,5,58,6
hsa-mir-3925_mature,0,0,1,10,65,15,0,0,0,17,7,13
hsa-mir-3928_mature,0,0,36,172,356,69,31,0,0,23,148,75
hsa-mir-3929_mature,0,0,0,125,202,125,0,71,0,217,159,194
hsa-mir-3934_mature,18,32,0,1,115,29,15,32,0,108,81,34
hsa-mir-3939_mature,0,0,8,28,80,105,0,0,0,28,14,38
hsa-mir-3939_unannotated,0,0,0,24,39,0,0,0,0,0,6,0
hsa-mir-3940_mature,0,21,0,23,66,3,13,25,1,14,27,3
hsa-mir-3941_mature,0,0,0,0,61,3,0,0,0,16,21,30
hsa-mir-3942_mature,0,0,0,18,19,19,0,1,0,31,59,40
hsa-mir-3944_mature,0,0,2,21,28,23,0,60,1,32,20,4
hsa-mir-409_mature,33,83,0,42,24,79,0,67,0,60,54,38
hsa-mir-411_mature,0,0,0,0,41,0,0,0,0,1,6,29
hsa-mir-412_mature,0,0,0,0,0,5,7,19,0,0,0,0
hsa-mir-421_mature,934,821,1002,10065,22176,15352,995,852,737,12596,14167,12434
hsa-mir-421_unannotated,0,0,0,7,0,0,0,0,0,6,0,4
hsa-mir-423_mature,36527,32525,71561,119112,266891,201728,43614,45100,28080,196097,219073,149936
hsa-mir-425_mature,190,153,383,1086,2693,2426,106,251,90,1637,1494,1518
hsa-mir-4286_mature,0,0,53,0,0,20,0,0,8,20,0,9
hsa-mir-429_mature,644,876,1209,14968,29895,19685,950,692,634,20896,17574,20402
hsa-mir-432_mature,0,0,0,0,20,14,13,0,0,1,0,42
hsa-mir-4326_mature,253,383,453,1009,1469,1919,382,44,275,1426,1623,992
hsa-mir-4326_unannotated,0,18,0,0,90,95,0,0,16,67,9,24
hsa-mir-4424_mature,0,0,0,16,0,0,0,20,0,9,0,0
hsa-mir-4424_unannotated,20,0,0,0,41,2,0,0,0,26,0,10
hsa-mir-4429_mature,0,0,0,5,7,17,0,0,0,10,8,2
hsa-mir-4435-1_mature,0,11,0,18,11,79,0,0,0,35,26,34
hsa-mir-4435-2_mature,0,7,0,18,29,62,0,0,0,41,30,33
hsa-mir-4437_mature,0,0,0,0,13,0,0,0,0,25,5,0
hsa-mir-4443_mature,0,0,0,2,9,0,0,0,0,9,6,11
hsa-mir-4449_mature,0,0,0,26,43,63,23,0,0,59,86,43
hsa-mir-4449_unannotated,0,0,0,18,53,17,0,0,0,1,34,16
hsa-mir-4457_mature,0,0,0,0,0,13,0,0,0,40,13,7
hsa-mir-4467_mature,0,0,0,32,95,68,0,8,22,77,16,67
hsa-mir-4470_mature,0,0,0,0,0,7,0,0,0,0,12,3
hsa-mir-4473_mature,0,0,107,32,98,40,21,0,0,27,10,23
hsa-mir-4473_unannotated,0,0,0,0,13,0,0,0,0,0,3,6
hsa-mir-4474_mature,0,0,0,0,61,0,0,0,0,11,17,27
hsa-mir-4479_mature,0,0,16,1,0,63,0,0,0,22,1,6
hsa-mir-4498_mature,0,0,0,32,4,76,0,0,0,24,29,31
hsa-mir-4504_mature,0,0,0,0,64,0,0,0,0,15,0,4
hsa-mir-450a-1_mature,0,0,0,3,0,10,0,3,0,0,0,4
hsa-mir-450a-2_mature,0,0,0,4,0,22,0,3,0,20,0,4
hsa-mir-450b_mature,64,0,0,69,117,141,17,0,18,85,100,91
hsa-mir-4511_mature,0,0,0,62,49,83,0,0,0,30,40,54
hsa-mir-451a_mature,171,38,116,137,182,276,151,134,59,81,46,128
hsa-mir-452_mature,408,509,832,2043,4975,3428,599,687,395,2473,2771,2410
hsa-mir-4520-1_mature,0,0,0,9,4,3,5,0,47,7,33,48
hsa-mir-4520-2_mature,40,0,0,4,5,3,2,0,0,6,22,8
hsa-mir-4525_mature,15,0,0,4,9,25,55,68,28,36,73,9
hsa-mir-4525_unannotated,0,0,0,2,21,11,0,0,0,11,8,0
hsa-mir-454_mature,46,37,37,819,1438,979,44,0,24,970,1115,727
hsa-mir-455_mature,162,216,37,3830,6509,5915,249,2,31,5667,3482,5002
hsa-mir-4635_mature,0,0,0,0,26,0,0,0,0,24,20,17
hsa-mir-4637_mature,0,0,0,6,0,19,0,0,0,0,0,14
hsa-mir-4638_mature,0,0,0,10,86,0,0,0,0,0,15,2
hsa-mir-4644_mature,0,0,0,10,174,71,47,0,0,16,34,30
hsa-mir-4645_mature,0,0,0,20,84,0,10,0,0,43,50,0
hsa-mir-4646_mature,0,0,0,10,0,0,0,0,0,3,75,2
hsa-mir-4647_mature,0,0,0,27,30,35,0,0,0,66,94,20
hsa-mir-4653_mature,0,0,0,0,0,0,40,0,0,0,3,4
hsa-mir-4654_mature,0,0,0,31,113,63,0,0,13,76,23,7
hsa-mir-4655_mature,0,0,0,9,30,45,0,0,0,14,24,32
hsa-mir-4658_mature,0,0,0,21,45,0,0,0,0,0,0,21
hsa-mir-4659a_mature,0,0,0,37,124,61,0,0,0,49,28,0
hsa-mir-466_mature,0,0,33,15,98,50,11,0,5,0,64,29
hsa-mir-466_unannotated,0,0,0,3,37,0,0,0,0,0,0,12
hsa-mir-4660_mature,0,0,0,38,20,61,0,0,0,0,21,66
hsa-mir-4661_mature,0,12,46,88,31,16,5,1,0,103,37,81
hsa-mir-4662a_mature,15,12,0,6,160,118,15,29,9,159,77,100
hsa-mir-4664_mature,48,35,101,4,14,21,7,0,25,51,101,36
hsa-mir-4665_mature,28,0,5,0,106,0,0,0,0,11,0,13
hsa-mir-4667_mature,0,19,0,18,52,88,0,0,0,23,93,34
hsa-mir-4669_mature,0,30,0,21,69,0,0,0,0,56,120,39
hsa-mir-4670_mature,0,0,0,0,39,0,11,0,0,8,0,0
hsa-mir-4676_mature,0,0,0,12,63,1,10,25,0,9,19,44
hsa-mir-4677_mature,0,0,0,0,54,1,0,0,0,15,6,47
hsa-mir-4685_mature,0,22,0,9,0,0,0,0,0,4,0,2
hsa-mir-4687_mature,0,1,0,30,2,15,9,0,0,28,17,5
hsa-mir-4688_mature,0,0,0,0,0,0,0,0,13,18,0,5
hsa-mir-4689_mature,33,40,28,27,155,23,8,63,0,31,47,29
hsa-mir-4691_mature,0,0,0,12,0,0,0,0,0,7,28,0
hsa-mir-4695_mature,0,0,132,24,35,0,18,0,48,10,43,3
hsa-mir-4699_mature,12,21,27,58,134,98,53,41,141,80,68,22
hsa-mir-4700_mature,0,0,0,22,35,0,0,0,0,0,38,0
hsa-mir-4706_mature,0,0,25,15,32,0,0,0,0,13,8,11
hsa-mir-4707_mature,72,0,37,74,120,256,0,0,0,160,183,160
hsa-mir-4709_mature,0,0,0,0,49,0,0,0,1,1,0,19
hsa-mir-4713_mature,274,21,114,99,171,144,63,65,6,1,310,67
hsa-mir-4716_mature,0,0,0,0,131,8,24,0,0,7,13,0
hsa-mir-4717_mature,0,0,0,3,13,0,0,41,0,0,48,9
hsa-mir-4721_mature,0,0,0,0,0,0,21,0,38,2,22,5
hsa-mir-4723_mature,17,0,0,10,0,0,0,0,0,16,49,2
hsa-mir-4724_mature,0,29,0,19,113,55,0,0,0,42,9,83
hsa-mir-4726_mature,0,0,0,34,23,14,0,0,0,13,22,20
hsa-mir-4727_mature,35,0,0,53,54,32,0,0,0,39,44,31
hsa-mir-4728_mature,0,0,0,14,10,148,0,5,26,86,12,7
hsa-mir-4738_mature,0,0,0,12,18,27,0,0,0,24,0,13
hsa-mir-4741_mature,26,0,0,0,0,0,0,0,0,3,0,2
hsa-mir-4742_mature,0,76,27,20,54,50,0,0,16,41,65,9
hsa-mir-4743_mature,20,0,0,0,12,0,0,0,0,27,15,15
hsa-mir-4745_mature,104,42,63,24,62,96,12,27,6,40,67,74
hsa-mir-4746_mature,6,0,0,50,82,114,0,0,0,147,13,72
hsa-mir-4747_mature,0,0,0,6,1,0,0,0,0,12,0,5
hsa-mir-4748_mature,0,0,0,14,0,12,0,0,0,2,0,0
hsa-mir-4749_mature,40,0,0,7,21,20,0,0,29,30,24,21
hsa-mir-4753_mature,70,0,31,16,0,37,37,0,0,6,31,5
hsa-mir-4755_mature,18,19,15,42,46,82,19,8,25,42,12,22
hsa-mir-4758_mature,39,0,0,7,19,144,53,0,27,2,15,5
hsa-mir-4762_mature,39,0,55,8,30,4,0,20,0,20,3,13
hsa-mir-4766_mature,0,0,0,0,0,9,0,0,0,0,23,4
hsa-mir-4775_mature,0,0,0,55,34,2,0,0,0,50,9,20
hsa-mir-4779_mature,0,12,0,0,106,5,0,0,0,6,34,0
hsa-mir-4779_unannotated,0,0,0,10,0,0,0,0,0,0,56,2
hsa-mir-4782_mature,0,0,0,4,15,0,0,0,0,8,0,5
hsa-mir-4786_mature,0,0,0,0,64,0,0,0,24,0,26,8
hsa-mir-4788_mature,0,0,0,0,31,0,0,0,0,15,23,0
hsa-mir-4796_mature,0,0,0,21,10,40,0,0,0,9,15,11
hsa-mir-4797_mature,0,0,0,0,55,0,0,0,0,14,41,10
hsa-mir-4804_mature,0,56,0,0,23,40,0,0,0,11,40,9
hsa-mir-483_mature,34278,34731,53141,12016,21297,23588,34185,33235,29315,23435,20558,15732
hsa-mir-484_mature,6694,4402,10873,28023,74339,55676,5176,8183,4637,38963,59673,37403
hsa-mir-485_mature,0,0,0,3,11,0,23,0,0,6,0,19
hsa-mir-486-1_mature,11,21,17,47,13,15,57,1,14,52,8,5
hsa-mir-486-2_mature,6,28,9,67,16,39,66,53,11,40,4,8
hsa-mir-487b_mature,0,0,37,37,57,60,0,0,1,29,151,48
hsa-mir-491_mature,89,0,0,16,16,12,4,1,3,14,102,44
hsa-mir-493_mature,184,0,57,86,97,33,45,0,57,123,162,66
hsa-mir-494_mature,25,48,0,21,36,25,27,103,0,112,44,37
hsa-mir-495_mature,0,0,57,10,66,91,0,0,0,30,47,37
hsa-mir-497_mature,4,0,0,13,0,23,0,0,0,0,14,30
hsa-mir-498_mature,0,0,0,0,11,10,0,1,0,3,8,12
hsa-mir-499a_mature,47,50,72,110,364,238,39,0,13,60,165,124
hsa-mir-499b_mature,0,0,0,7,0,0,0,0,0,0,20,8
hsa-mir-5000_mature,0,0,0,0,19,0,0,0,0,0,16,4
hsa-mir-5001_mature,0,0,0,6,7,48,25,0,0,64,148,7
hsa-mir-5004_mature,32,0,80,0,20,40,7,0,13,6,55,0
hsa-mir-5006_mature,0,0,0,3,16,16,0,0,0,16,11,3
hsa-mir-500b_mature,13,0,0,21,70,35,0,0,0,53,0,53
hsa-mir-501_mature,34,1843,32,800,1437,1972,18,1,1043,1587,1427,1441
hsa-mir-5010_mature,130,18,94,14,72,201,132,67,34,7,71,28
hsa-mir-502_mature,0,0,0,24,0,44,0,0,0,49,0,30
hsa-mir-504_mature,0,31,0,29,51,0,0,0,0,47,13,27
hsa-mir-505_mature,29,34,553,194,343,324,474,158,22,265,383,228
hsa-mir-508_mature,0,0,0,10,41,3,0,0,0,8,0,10
hsa-mir-5089_mature,0,0,0,18,14,87,0,0,0,12,41,11
hsa-mir-509-1_mature,0,0,0,0,0,2,0,0,5,2,0,0
hsa-mir-509-2_mature,0,0,0,0,0,1,0,0,11,3,0,1
hsa-mir-5094_mature,17,24,0,178,283,170,0,0,0,175,234,86
hsa-mir-5094_unannotated,0,0,0,0,28,3,0,0,0,0,0,1
hsa-mir-511_mature,0,0,0,24,0,0,0,0,0,13,10,0
hsa-mir-512-1_mature,0,0,10,14,11,36,11,6,9,1,37,47
hsa-mir-512-2_mature,0,0,24,9,11,33,4,11,10,3,36,46
hsa-mir-513a-1_mature,0,0,0,6,6,0,0,0,0,6,0,0
hsa-mir-513a-2_mature,0,0,0,4,6,0,0,0,0,2,0,0
hsa-mir-516a-1_mature,0,0,0,21,79,42,0,36,0,32,40,40
hsa-mir-516a-2_mature,0,0,0,21,76,34,0,31,0,29,53,29
hsa-mir-516b-2_mature,0,0,0,2,0,0,0,0,0,7,0,1
hsa-mir-5187_mature,0,18,0,9,7,19,0,0,0,19,52,10
hsa-mir-5189_mature,0,0,0,24,35,6,26,0,0,5,23,41
hsa-mir-519a-1_mature,0,0,0,9,0,9,11,0,0,32,32,0
hsa-mir-519c_mature,0,0,0,38,0,0,0,0,0,0,12,7
hsa-mir-520a_mature,0,0,0,12,0,8,0,0,0,1,0,17
hsa-mir-520d_mature,0,0,0,7,0,0,0,1,0,0,19,0
hsa-mir-522_mature,0,0,0,70,127,98,12,0,0,41,19,31
hsa-mir-524_mature,0,0,0,2,6,0,0,10,0,0,0,0
hsa-mir-526b_mature,0,0,0,6,38,16,0,0,0,0,2,5
hsa-mir-532_mature,153,124,325,485,1475,1551,110,133,109,609,923,543
hsa-mir-539_mature,0,0,0,0,0,26,0,0,0,0,9,9
hsa-mir-541_mature,0,0,0,10,49,0,0,0,0,31,0,10
hsa-mir-543_mature,0,0,15,53,125,34,1,27,0,61,119,85
hsa-mir-548ac_mature,0,0,1,0,24,9,0,0,0,6,0,0
hsa-mir-548ai_mature,0,0,0,17,0,15,0,0,0,1,0,7
hsa-mir-548ar_mature,0,0,0,1,40,0,0,0,0,15,12,17
hsa-mir-548at_mature,0,0,0,8,0,0,0,0,0,31,14,3
hsa-mir-548av_mature,4,0,0,2,5,0,0,0,0,0,0,4
hsa-mir-548aw_mature,0,0,0,0,0,0,0,0,0,10,38,22
hsa-mir-548ay_mature,0,26,0,11,26,0,0,0,4,43,0,44
hsa-mir-548b_mature,15,0,0,3,72,16,0,0,0,60,6,57
hsa-mir-548e_mature,0,0,46,9,14,275,4,0,0,15,566,5
hsa-mir-548f-1_mature,0,0,0,19,0,0,0,0,0,2,13,0
hsa-mir-548h-5_unannotated,0,0,0,0,0,0,0,0,0,2,15,4
hsa-mir-548j_mature,0,0,0,6,0,11,0,0,0,21,0,16
hsa-mir-548k_mature,2,0,0,45,59,156,0,0,37,35,61,87
hsa-mir-548l_mature,19,5,0,174,310,224,0,1,8,129,381,180
hsa-mir-548n_mature,0,0,0,32,0,37,0,0,1,46,37,94
hsa-mir-548o_mature,7,0,22,87,434,168,20,7,8,214,205,188
hsa-mir-548o-2_mature,11,0,20,85,399,159,16,8,1,217,230,181
hsa-mir-548v_mature,0,0,0,46,72,51,0,0,0,57,41,65
hsa-mir-549a_mature,34,0,75,162,70,180,11,0,0,58,19,14
hsa-mir-550a-1_mature,3,1,35,2,35,37,50,4,15,20,15,18
hsa-mir-550a-2_mature,2,0,19,8,25,34,51,4,15,16,17,17
hsa-mir-550a-3_mature,10,0,0,4,15,5,0,9,0,17,21,23
hsa-mir-551a_mature,154,79,30,400,823,932,10,114,53,903,703,619
hsa-mir-551a_unannotated,0,0,47,28,26,31,6,0,5,0,52,12
hsa-mir-552_mature,1,0,0,6,34,0,0,0,0,13,1,3
hsa-mir-556_mature,57,121,59,135,195,164,108,36,45,158,74,179
hsa-mir-5580_mature,0,0,0,6,0,0,0,0,0,40,14,1
hsa-mir-5581_mature,0,0,0,16,0,4,0,0,0,6,66,8
hsa-mir-5582_mature,0,0,7,2,0,0,0,0,0,0,23,6
hsa-mir-5588_mature,171,42,0,117,122,221,29,59,23,98,192,73
hsa-mir-559_unannotated,0,0,0,0,25,0,0,0,0,6,27,4
hsa-mir-5690_mature,0,0,0,6,29,0,0,0,0,0,0,3
hsa-mir-5696_mature,0,0,0,16,0,0,0,0,0,8,9,24
hsa-mir-5696_unannotated,0,0,0,72,36,90,0,0,0,24,5,11
hsa-mir-5697_mature,0,0,1,69,106,58,0,1,14,9,67,34
hsa-mir-5699_mature,11,0,0,11,0,0,0,0,0,0,0,6
hsa-mir-570_mature,52,18,0,10,14,16,0,0,0,1,1,3
hsa-mir-5706_mature,0,0,0,10,0,12,0,0,0,0,0,3
hsa-mir-574_mature,7661,4858,10968,19,55562,46423,6624,6172,5102,26119,30,3
hsa-mir-576_mature,89,22,199,548,14,666,49,25,36,625,435,4
hsa-mir-578_unannotated,36,0,0,41,88,71,25,23,0,14,68,4
hsa-mir-579_mature,10,0,0,6,12,19,0,0,0,65,30,5
hsa-mir-582_mature,33,20,33,14,59,23,11,0,0,38,18,37
hsa-mir-584_mature,254,100,227,557,1124,944,157,373,90,708,957,525
hsa-mir-589_mature,86,88,199,46,181,71,31,233,115,64,84,116
hsa-mir-590_mature,0,0,25,18,24,12,0,0,0,20,77,22
hsa-mir-592_mature,0,0,0,3,9,6,0,0,0,0,6,0
hsa-mir-597_mature,0,0,0,39,43,17,0,0,0,52,73,34
hsa-mir-600_mature,0,0,0,11,0,12,0,0,0,8,0,18
hsa-mir-600_unannotated,0,0,0,8,0,0,0,0,7,11,0,0
hsa-mir-602_mature,16,0,0,4,19,0,0,0,0,0,0,9
hsa-mir-615_mature,0,5,63,0,0,0,0,18,1,57,78,14
hsa-mir-616_mature,52,25,65,262,338,248,24,2,16,329,525,277
hsa-mir-618_mature,0,15,28,668,1000,1138,96,0,0,974,604,665
hsa-mir-624_mature,24,11,0,184,12,1,90,0,0,6,297,3
hsa-mir-625_mature,334,60,746,118,89,233,627,782,502,99,74,137
hsa-mir-627_mature,6,12,0,51,3,17,0,39,21,13,61,15
hsa-mir-628_mature,1,19,1,208,178,265,53,73,3,187,167,234
hsa-mir-629_mature,986,916,1821,26,138,28,1645,1734,1076,77,71,15
hsa-mir-636_mature,0,43,0,32,89,1,0,0,0,59,10,25
hsa-mir-641_mature,42,0,0,114,152,314,0,0,0,197,197,214
hsa-mir-641_unannotated,0,0,0,49,24,261,0,0,0,45,90,82
hsa-mir-642a_mature,0,0,0,7,44,0,0,0,0,19,2,31
hsa-mir-643_mature,0,0,0,29,16,37,3,0,0,25,31,46
hsa-mir-6501_mature,0,0,0,0,19,0,0,0,0,26,13,0
hsa-mir-6508_mature,0,0,0,0,6,29,21,0,0,12,0,0
hsa-mir-6509_mature,0,0,55,10,34,0,0,0,12,7,25,4
hsa-mir-651_mature,46,43,64,909,1782,1249,220,150,85,1246,1206,1186
hsa-mir-6511b-1_mature,65,36,75,43,90,106,58,59,28,23,99,39
hsa-mir-6511b-2_mature,67,17,70,46,95,95,36,59,14,16,77,40
hsa-mir-6513_mature,0,8,0,7,26,18,15,0,0,15,26,38
hsa-mir-6514_mature,52,0,10,48,171,80,75,0,18,122,151,90
hsa-mir-6515_mature,18,0,28,8,23,20,0,0,0,47,32,30
hsa-mir-6516_mature,13,0,0,25,1,127,0,0,0,4,18,16
hsa-mir-652_mature,79,44,366,1144,1617,1634,79,98,27,1813,1389,1791
hsa-mir-6529_mature,29,83,166,52,25,35,69,66,24,9,31,39
hsa-mir-654_mature,46,0,0,37,49,18,0,0,0,51,15,78
hsa-mir-655_mature,0,0,0,28,0,48,0,0,0,13,0,28
hsa-mir-659_mature,17,0,0,6,31,21,6,0,18,79,28,8
hsa-mir-660_mature,252,388,355,2119,25,17,422,114,247,57,32,66
hsa-mir-664a_mature,33,68,70,108,33,112,58,46,84,213,142,232
hsa-mir-664b_mature,0,0,0,11,37,55,0,0,0,20,9,29
hsa-mir-671_mature,82,32,58,96,327,95,59,219,58,58,124,71
hsa-mir-6715a_mature,250,67,248,947,2611,1432,136,78,111,1292,1811,1230
hsa-mir-6715a_unannotated,0,0,6,28,6,46,0,0,44,65,0,36
hsa-mir-6716_mature,0,0,0,2,15,0,0,0,36,3,71,13
hsa-mir-6726_mature,6,21,0,0,0,16,16,2,0,0,13,3
hsa-mir-6727_mature,24,0,0,6,7,26,0,0,0,0,18,14
hsa-mir-6728_mature,0,0,0,10,22,52,15,0,0,6,8,23
hsa-mir-6730_mature,0,0,0,22,46,80,0,0,0,22,37,13
hsa-mir-6733_mature,0,0,0,17,4,0,0,0,0,37,0,9
hsa-mir-6734_mature,18,0,49,49,240,94,0,74,9,97,231,3
hsa-mir-6735_mature,23,29,49,46,38,14,23,0,0,45,63,38
hsa-mir-6737_mature,0,0,0,0,46,0,0,0,0,16,0,11
hsa-mir-6739_mature,33,0,0,6,75,9,1,0,0,18,0,18
hsa-mir-6740_mature,0,0,0,1,83,90,1,0,0,0,48,11
hsa-mir-6741_mature,0,0,5,9,0,0,0,0,0,8,26,2
hsa-mir-6743_mature,39,0,0,0,14,0,27,0,0,0,5,2
hsa-mir-6745_mature,15,0,0,13,0,124,0,0,0,33,8,19
hsa-mir-6746_mature,0,0,2,0,0,0,0,0,0,0,9,2
hsa-mir-6747_mature,0,42,0,45,131,51,27,0,0,91,63,32
hsa-mir-6749_mature,0,0,18,0,0,31,0,0,3,0,8,0
hsa-mir-6751_mature,0,0,0,12,36,0,0,0,0,17,31,13
hsa-mir-6753_mature,0,0,0,10,44,0,0,0,0,10,2,4
hsa-mir-6754_mature,34,0,0,0,20,5,12,0,0,0,1,0
hsa-mir-6755_mature,0,78,1,9,31,27,0,0,0,0,47,25
hsa-mir-6758_mature,18,0,0,10,6,13,0,0,0,25,12,17
hsa-mir-6759_mature,0,0,0,0,15,18,0,0,0,0,0,9
hsa-mir-676_mature,177,15,14,110,148,189,199,1,20,110,81,76
hsa-mir-6761_mature,4,0,0,20,73,32,0,31,0,0,14,5
hsa-mir-6763_mature,12,0,0,0,0,61,0,0,0,0,0,11
hsa-mir-6764_mature,0,0,0,36,131,14,0,0,0,15,18,7
hsa-mir-6767_mature,1,0,58,7,50,0,0,0,0,26,32,2
hsa-mir-6768_mature,0,0,0,0,0,13,0,0,7,0,5,0
hsa-mir-6769a_mature,0,6,0,1,0,0,0,0,0,8,16,0
hsa-mir-6770-1_mature,0,0,0,1,0,31,0,0,0,12,2,9
hsa-mir-6770-2_mature,0,0,0,0,1,21,0,0,0,14,4,2
hsa-mir-6770-3_mature,0,0,0,5,0,27,0,0,0,10,0,5
hsa-mir-6772_mature,0,0,0,3,0,0,0,0,0,0,34,2
hsa-mir-6773_mature,0,12,0,13,26,0,0,0,0,0,9,5
hsa-mir-6775_mature,0,0,23,0,21,39,15,0,0,9,25,0
hsa-mir-6776_mature,0,0,53,6,0,10,0,0,0,14,0,0
hsa-mir-6777_mature,0,0,0,0,51,0,0,0,0,2,13,0
hsa-mir-6779_mature,1,0,71,0,10,0,0,0,0,0,0,0
hsa-mir-6780a_mature,22,0,0,13,84,42,32,94,0,3,38,35
hsa-mir-6780b_mature,0,0,0,18,22,10,0,0,0,21,0,11
hsa-mir-6783_mature,0,0,0,36,10,5,0,0,0,0,0,32
hsa-mir-6786_mature,70,0,0,1,47,55,16,0,0,3,147,26
hsa-mir-6787_mature,11,0,19,7,6,26,28,1,1,26,20,1
hsa-mir-6788_mature,0,49,0,6,35,8,8,0,37,8,35,4
hsa-mir-6789_mature,46,0,14,1,0,22,4,0,0,15,0,6
hsa-mir-6791_mature,0,0,0,3,14,2,0,0,7,15,65,8
hsa-mir-6793_mature,0,0,0,0,0,22,0,0,0,12,0,20
hsa-mir-6796_mature,0,0,0,0,0,0,4,0,0,0,59,8
hsa-mir-6797_mature,0,0,0,7,12,0,0,0,0,3,17,5
hsa-mir-6800_mature,0,0,0,0,22,10,0,0,11,0,25,3
hsa-mir-6801_mature,0,0,0,0,0,1,0,0,0,0,3,5
hsa-mir-6802_mature,0,0,0,0,10,0,0,0,0,8,0,5
hsa-mir-6803_mature,67,7,93,15,44,71,0,32,0,1,21,0
hsa-mir-6804_mature,0,0,0,5,39,0,22,0,0,15,35,5
hsa-mir-6805_mature,0,0,0,19,49,0,0,0,0,3,81,6
hsa-mir-6806_mature,0,0,0,0,12,55,0,0,0,0,0,10
hsa-mir-6807_mature,12,28,97,18,67,144,36,0,0,138,167,51
hsa-mir-6810_mature,0,0,0,1,5,26,0,0,0,0,22,3
hsa-mir-6812_mature,35,0,0,16,0,39,0,0,0,0,0,0
hsa-mir-6813_mature,0,14,0,5,0,17,0,0,0,0,51,4
hsa-mir-6814_mature,0,0,0,3,0,0,0,0,0,15,0,5
hsa-mir-6815_mature,0,7,0,11,8,64,24,0,3,16,154,10
hsa-mir-6816_mature,43,0,0,35,18,43,15,0,0,28,43,5
hsa-mir-6818_mature,0,0,0,2,1,10,0,0,0,18,32,13
hsa-mir-6819_mature,0,0,27,0,17,0,0,0,22,6,0,1
hsa-mir-6820_mature,0,0,13,4,121,133,1,0,6,1,24,11
hsa-mir-6821_mature,0,75,0,8,2,16,0,37,0,21,17,33
hsa-mir-6824_mature,0,0,0,0,17,0,0,0,9,18,0,0
hsa-mir-6826_mature,16,0,0,0,70,42,0,0,0,1,0,6
hsa-mir-6833_mature,0,0,0,17,31,0,21,0,48,2,0,2
hsa-mir-6842_mature,0,0,0,9,45,0,0,0,0,0,38,12
hsa-mir-6843_mature,0,0,0,0,0,3,0,0,0,18,0,12
hsa-mir-6845_mature,0,0,0,0,0,24,0,0,0,23,0,1
hsa-mir-6846_mature,0,0,0,0,0,0,0,0,0,15,29,11
hsa-mir-6847_mature,0,0,0,13,0,21,0,0,0,43,0,8
hsa-mir-6848_mature,0,0,0,12,0,29,35,0,0,0,0,0
hsa-mir-6849_mature,0,0,0,4,0,25,0,0,1,0,7,0
hsa-mir-6851_mature,0,0,0,0,0,10,0,0,0,23,0,3
hsa-mir-6852_mature,0,0,0,10,65,0,0,0,0,48,10,63
hsa-mir-6855_mature,18,0,0,25,0,0,0,0,0,6,12,4
hsa-mir-6856_mature,0,0,0,8,9,28,0,0,0,0,0,10
hsa-mir-6858_mature,0,18,0,2,17,10,0,0,0,12,0,5
hsa-mir-6862-1_mature,0,15,34,34,172,34,18,0,8,81,82,27
hsa-mir-6862-2_mature,0,19,34,42,167,36,24,0,5,87,74,37
hsa-mir-6865_mature,0,0,74,0,0,21,0,0,0,21,14,0
hsa-mir-6866_mature,0,0,0,54,142,134,0,0,17,23,158,26
hsa-mir-6867_mature,0,0,0,0,17,32,0,0,0,0,0,25
hsa-mir-6868_mature,0,0,0,16,78,40,0,0,0,30,11,17
hsa-mir-6871_mature,0,0,0,1,20,5,29,0,0,6,33,5
hsa-mir-6873_mature,17,0,0,16,27,4,0,0,30,22,9,25
hsa-mir-6876_mature,0,0,0,3,2,87,0,0,0,125,1,73
hsa-mir-6877_mature,0,0,24,16,97,0,0,0,0,54,9,29
hsa-mir-6880_mature,0,0,0,4,0,0,0,0,48,4,0,1
hsa-mir-6881_mature,0,30,21,4,14,75,30,2,0,52,107,37
hsa-mir-6882_mature,0,0,0,23,33,43,0,39,17,8,0,9
hsa-mir-6883_mature,0,27,0,0,0,0,0,26,0,3,0,11
hsa-mir-6884_mature,0,15,0,8,0,0,0,0,0,0,0,12
hsa-mir-6885_mature,3,0,0,0,0,0,0,0,0,2,0,6
hsa-mir-6886_mature,0,26,0,19,0,9,0,0,0,2,0,18
hsa-mir-6889_mature,0,0,0,0,38,7,0,0,0,6,54,0
hsa-mir-6890_mature,0,0,0,0,29,0,0,0,0,6,15,0
hsa-mir-6894_mature,0,14,0,19,0,13,0,0,7,5,19,9
hsa-mir-6895_mature,0,0,0,8,0,0,0,0,0,20,0,2
hsa-mir-7-1_mature,17,169,85,116,285,393,222,62,30,322,187,212
hsa-mir-7-2_mature,134,154,202,3009,4219,4002,206,160,124,4772,3440,3671
hsa-mir-7-3_mature,135,157,204,2992,4180,3961,198,123,131,4788,3425,3632
hsa-mir-7106_mature,0,0,0,11,0,32,0,0,0,15,3,8
hsa-mir-7108_mature,0,0,0,0,34,10,0,0,0,26,0,7
hsa-mir-7110_mature,0,0,0,7,14,0,10,26,0,0,0,6
hsa-mir-7111_mature,18,0,24,24,148,38,15,41,41,21,30,6
hsa-mir-7113_mature,0,0,0,9,26,0,13,0,0,6,19,0
hsa-mir-7114_mature,0,0,0,18,0,23,13,0,11,27,67,27
hsa-mir-744_mature,106,1,181,439,694,683,54,23,81,504,416,485
hsa-mir-760_mature,166,155,287,1304,2665,1992,293,232,128,1801,2765,1695
hsa-mir-760_unannotated,0,0,0,4,24,0,0,0,0,0,0,2
hsa-mir-765_mature,0,0,0,10,32,0,0,0,0,57,16,22
hsa-mir-766_mature,26,29,1,106,90,247,1,0,27,226,138,153
hsa-mir-767_mature,0,0,0,44,12,37,0,0,0,0,0,18
hsa-mir-769_mature,152,122,141,16,76,56,10,40,127,67,59,38
hsa-mir-7703_mature,0,0,0,42,0,1,0,0,0,15,16,11
hsa-mir-7705_mature,0,0,0,12,56,104,0,0,0,93,58,34
hsa-mir-7706_mature,37,3,113,334,1071,1159,157,481,34,662,900,452
hsa-mir-7850_mature,0,0,0,0,29,0,0,0,0,4,0,4
hsa-mir-7854_mature,0,65,26,213,267,472,40,0,112,289,276,333
hsa-mir-7854_unannotated,0,0,0,0,0,28,0,7,0,0,0,4
hsa-mir-7973-1_mature,0,0,0,0,16,53,0,0,0,8,20,6
hsa-mir-7973-2_mature,0,0,0,0,33,63,0,0,0,25,0,8
hsa-mir-7973-2_unannotated,1,0,0,24,49,30,0,0,0,3,0,4
hsa-mir-7976_mature,0,0,0,36,46,15,0,0,0,88,46,99
hsa-mir-7976_unannotated,0,0,0,9,0,0,0,0,0,16,0,5
hsa-mir-8072_mature,0,0,0,0,40,0,0,59,0,7,23,10
hsa-mir-874_mature,0,9,0,7,13,6,0,0,0,11,39,4
hsa-mir-877_mature,93,35,36,6251,70,46,14,26,11,8,10,23
hsa-mir-885_mature,2,12,2618,108,147,292,24,1579,37,151,242,48
hsa-mir-888_mature,0,0,0,55,174,192,0,0,0,125,126,80
hsa-mir-889_mature,0,0,0,6,14,69,0,0,34,4,12,10
hsa-mir-891a_mature,0,0,0,125,247,295,0,0,0,181,45,104
hsa-mir-892b_mature,0,0,0,12,0,0,0,0,0,2,7,6
hsa-mir-9-1_mature,16,21,0,28,48,31,21,12,0,72,71,46
hsa-mir-9-2_mature,18,17,0,32,51,42,12,1,2,61,59,35
hsa-mir-9-3_mature,18,21,0,24,52,27,12,16,2,63,68,42
hsa-mir-92a-1_mature,124,71,177,424,790,420,138,123,58,496,342,410
hsa-mir-92a-2_mature,73612,56455,94021,208093,592381,404240,58163,55466,52031,293026,426165,220383
hsa-mir-92b_mature,446,420,17,11,94,54,337,255,294,359,56,41
hsa-mir-93_mature,552,306,534,2754,6073,3368,205,472,480,3715,3931,3300
hsa-mir-933_mature,0,0,0,19,31,46,9,0,0,14,64,100
hsa-mir-937_mature,51,65,0,154,184,10,27,43,77,115,15,157
hsa-mir-939_mature,17,0,0,14,25,0,0,0,0,0,0,10
hsa-mir-940_mature,57,31,77,132,264,272,69,136,47,140,65,169
hsa-mir-942_mature,82,55,33,102,175,167,77,136,25,64,57,137
hsa-mir-943_mature,0,12,0,16,23,0,0,0,0,10,0,1
hsa-mir-95_mature,1,94,0,37,67,67,10,0,0,53,13,63
hsa-mir-96_mature,103,59,107,225,422,467,84,58,0,563,176,407
hsa-mir-98_mature,73,1,16,21,19,27,88,1,7,16,32,40
hsa-mir-9903_mature,0,0,0,49,266,112,0,0,0,47,109,65
hsa-mir-99a_mature,23,15,30,20,0,70,27,37,0,42,0,0
hsa-mir-99b_mature,348,389,596,3568,7351,6560,341,251,421,5904,5382,4282
